Joint_Con_MLCCA_resnet18_ur0.1_fold1_me200_lr_0.0001_decay_0.0_bsz_64_rsz_128_temp_0.07_head_fc_trial_0_cosine,auc,0.9602348283828586,acc,0.910055583628095,th,0.42
Joint_Con_MLCCA_resnet18_ur0.1_fold2_me200_lr_0.0001_decay_0.0_bsz_64_rsz_128_temp_0.07_head_fc_trial_0_cosine,auc,0.9607357996850163,acc,0.9186457806973218,th,0.345
Joint_Con_MLCCA_resnet18_ur0.1_fold3_me200_lr_0.0001_decay_0.0_bsz_64_rsz_128_temp_0.07_head_fc_trial_0_cosine,auc,0.9647216111155369,acc,0.9105608893380496,th,0.42
Joint_Con_MLCCA_resnet18_ur0.1_fold4_me200_lr_0.0001_decay_0.0_bsz_64_rsz_128_temp_0.07_head_fc_trial_0_cosine,auc,0.9585812656138608,acc,0.9029813036887316,th,0.48
Joint_Con_MLCCA_resnet18_ur0.1_fold5_me200_lr_0.0001_decay_0.0_bsz_64_rsz_128_temp_0.07_head_fc_trial_0_cosine,auc,0.9568173972370487,acc,0.9044972208185953,th,0.495
Joint_Con_Whole_MLCCA_resnet18_ur0.1_fold1_me200_lr_0.0001_decay_0.0_bsz_64_rsz_128_temp_0.07_head_mlp_trial_0_cosine,auc,0.9657582795593496,acc,0.9221829206670036,th,0.07
Joint_CE_Whole_MLCCA_resnet18_ur0.1_fold1_me200_lr_0.0001_decay_0.0_bsz_64_rsz_128_temp_0.07_head_mlp_trial_0_cosine,auc,0.9644785302390566,acc,0.9191510864072764,th,0.39
Joint_Con_Whole_MLCCA_resnet18_ur0.1_fold2_me200_lr_0.0001_decay_0.0_bsz_64_rsz_128_temp_0.07_head_mlp_trial_0_cosine,auc,0.9694269623674034,acc,0.9231935320869126,th,0.065
Joint_CE_Whole_MLCCA_resnet18_ur0.1_fold2_me200_lr_0.0001_decay_0.0_bsz_64_rsz_128_temp_0.07_head_mlp_trial_0_cosine,auc,0.969547481457423,acc,0.9176351692774128,th,0.48
Joint_Con_Whole_MLCCA_resnet18_ur0.1_fold3_me200_lr_0.0001_decay_0.0_bsz_64_rsz_128_temp_0.07_head_mlp_trial_0_cosine,auc,0.9625083495217027,acc,0.921677614957049,th,0.31
Joint_CE_Whole_MLCCA_resnet18_ur0.1_fold3_me200_lr_0.0001_decay_0.0_bsz_64_rsz_128_temp_0.07_head_mlp_trial_0_cosine,auc,0.9585225380911819,acc,0.9125821121778676,th,0.255
Joint_Con_Whole_MLCCA_resnet18_ur0.1_fold4_me200_lr_0.0001_decay_0.0_bsz_64_rsz_128_temp_0.07_head_mlp_trial_0_cosine,auc,0.9661412851420391,acc,0.9176351692774128,th,0.14
Joint_CE_Whole_MLCCA_resnet18_ur0.1_fold4_me200_lr_0.0001_decay_0.0_bsz_64_rsz_128_temp_0.07_head_mlp_trial_0_cosine,auc,0.9647052695440089,acc,0.9166245578575037,th,0.145
Joint_Con_Whole_MLCCA_resnet18_ur0.1_fold5_me200_lr_0.0001_decay_0.0_bsz_64_rsz_128_temp_0.07_head_mlp_trial_0_cosine,auc,0.9631303505879901,acc,0.9171298635674583,th,0.115
Joint_CE_Whole_MLCCA_resnet18_ur0.1_fold5_me200_lr_0.0001_decay_0.0_bsz_64_rsz_128_temp_0.07_head_mlp_trial_0_cosine,auc,0.9595525677715611,acc,0.921677614957049,th,0.39
CE_MLCCA_resnet18_ur1.0_fold1_me200_lr_0.0001_decay_0.0_bsz_64_rsz_128_temp_0.07_head_mlp_trial_0_cosine,auc,0.9758318370581904,acc,0.9403739262253663,th,0.805
CE_MLCCA_resnet18_ur1.0_fold2_me200_lr_0.0001_decay_0.0_bsz_64_rsz_128_temp_0.07_head_mlp_trial_0_cosine,auc,0.9817965106659394,acc,0.9514906518443659,th,0.725
CE_MLCCA_resnet18_ur1.0_fold3_me200_lr_0.0001_decay_0.0_bsz_64_rsz_128_temp_0.07_head_mlp_trial_0_cosine,auc,0.9839546194558666,acc,0.9413845376452754,th,0.595
CE_MLCCA_resnet18_ur1.0_fold4_me200_lr_0.0001_decay_0.0_bsz_64_rsz_128_temp_0.07_head_mlp_trial_0_cosine,auc,0.979641976594784,acc,0.9489641232945932,th,0.39
Joint_Con_Whole_MLCCA_resnet18_ur0.1_fold1_me200_lr_0.0001_decay_0.0_bsz_64_rsz_128_temp_0.07_head_mlp_trial_detach_cosine,auc,0.9669961536026014,acc,0.9196563921172309,th,0.125
Joint_Con_Whole_MLCCA_resnet18_ur0.1_fold2_me200_lr_0.0001_decay_0.0_bsz_64_rsz_128_temp_0.07_head_mlp_trial_detach_cosine,auc,0.965229221181128,acc,0.9211723092470945,th,0.215
CE_MLCCA_resnet18_ur1.0_fold5_me200_lr_0.0001_decay_0.0_bsz_64_rsz_128_temp_0.07_head_mlp_trial_0_cosine,auc,0.9793442535885069,acc,0.9383527033855482,th,0.84
Joint_Con_Whole_MLCCA_resnet18_ur0.1_fold3_me200_lr_0.0001_decay_0.0_bsz_64_rsz_128_temp_0.07_head_mlp_trial_detach_cosine,auc,0.9683019473025172,acc,0.9151086407276402,th,0.13
Joint_Con_Whole_MLCCA_resnet18_ur0.1_fold1_me200_lr_0.0001_decay_0.0_bsz_64_rsz_128_temp_0.07_head_mlp_trial_l4_detach_cosine,auc,0.9647920841427517,acc,0.9130874178878221,th,0.1
Joint_Con_Whole_MLCCA_resnet18_ur0.1_fold4_me200_lr_0.0001_decay_0.0_bsz_64_rsz_128_temp_0.07_head_mlp_trial_detach_cosine,auc,0.9655519672188076,acc,0.9095502779181405,th,0.315
Joint_Con_Whole_MLCCA_resnet18_ur0.1_fold2_me200_lr_0.0001_decay_0.0_bsz_64_rsz_128_temp_0.07_head_mlp_trial_l4_detach_cosine,auc,0.9635460393137356,acc,0.9221829206670036,th,0.17
Joint_Con_Whole_MLCCA_resnet18_ur0.1_fold5_me200_lr_0.0001_decay_0.0_bsz_64_rsz_128_temp_0.07_head_mlp_trial_detach_cosine,auc,0.9638687853514152,acc,0.9247094492167761,th,0.11
Joint_Con_Whole_MLCCA_resnet18_ur0.1_fold3_me200_lr_0.0001_decay_0.0_bsz_64_rsz_128_temp_0.07_head_mlp_trial_l4_detach_cosine,auc,0.9586752296501474,acc,0.9146033350176856,th,0.205
Joint_Con_Whole_MLCCA_resnet18_ur0.1_fold4_me200_lr_0.0001_decay_0.0_bsz_64_rsz_128_temp_0.07_head_mlp_trial_l4_detach_cosine,auc,0.9665702513946509,acc,0.9242041435068217,th,0.105
Joint_Con_Whole_MLCCA_resnet18_ur0.1_fold5_me200_lr_0.0001_decay_0.0_bsz_64_rsz_128_temp_0.07_head_mlp_trial_l4_detach_cosine,auc,0.96361549099273,acc,0.922688226376958,th,0.165
Joint_Con_Whole_MLCCA_resnet18_ur0.1_fold1_me200_lr_0.0001_decay_0.0_bsz_64_rsz_128_temp_0.07_head_mlp_trial_l.5_cosine,auc,0.9644683167568519,acc,0.922688226376958,th,0.175
Joint_Con_Whole_MLCCA_resnet18_ur0.1_fold1_me200_lr_0.0001_decay_0.0_bsz_64_rsz_128_temp_0.07_head_mlp_trial_l2_cosine,auc,0.9644550392299851,acc,0.9302678120262758,th,0.25
Joint_Con_Whole_MLCCA_resnet18_ur0.1_fold2_me200_lr_0.0001_decay_0.0_bsz_64_rsz_128_temp_0.07_head_mlp_trial_l.5_cosine,auc,0.9661826497449693,acc,0.9161192521475493,th,0.075
Joint_Con_Whole_MLCCA_resnet18_ur0.1_fold2_me200_lr_0.0001_decay_0.0_bsz_64_rsz_128_temp_0.07_head_mlp_trial_l2_cosine,auc,0.9701342460101031,acc,0.9221829206670036,th,0.13
Joint_Con_Whole_MLCCA_resnet18_ur0.1_fold3_me200_lr_0.0001_decay_0.0_bsz_64_rsz_128_temp_0.07_head_mlp_trial_l.5_cosine,auc,0.9627330461302137,acc,0.9140980293077312,th,0.11
Joint_Con_Whole_MLCCA_resnet18_ur0.1_fold3_me200_lr_0.0001_decay_0.0_bsz_64_rsz_128_temp_0.07_head_mlp_trial_l2_cosine,auc,0.9651674296137873,acc,0.9090449722081859,th,0.16
Joint_Con_Whole_MLCCA_resnet18_ur0.1_fold4_me200_lr_0.0001_decay_0.0_bsz_64_rsz_128_temp_0.07_head_mlp_trial_l.5_cosine,auc,0.9611611912188566,acc,0.9161192521475493,th,0.26
Joint_Con_Whole_MLCCA_resnet18_ur0.1_fold4_me200_lr_0.0001_decay_0.0_bsz_64_rsz_128_temp_0.07_head_mlp_trial_l2_cosine,auc,0.9650658054658472,acc,0.9211723092470945,th,0.055
Joint_Con_Whole_MLCCA_resnet18_ur0.1_fold5_me200_lr_0.0001_decay_0.0_bsz_64_rsz_128_temp_0.07_head_mlp_trial_l.5_cosine,auc,0.9650903178231391,acc,0.9176351692774128,th,0.355
Joint_Con_Whole_MLCCA_resnet18_ur0.1_fold5_me200_lr_0.0001_decay_0.0_bsz_64_rsz_128_temp_0.07_head_mlp_trial_l2_cosine,auc,0.9635613595370431,acc,0.9211723092470945,th,0.25
Joint_Con_Whole_MLCCA_resnet18_ur0.1_me200_lr_0.0001_decay_0.0_bsz_256_rsz_128_temp_0.07_head_mlp_trial_0_fold_1_cosine,auc,0.9632559764191122,acc,0.9206670035371399,th,0.155
Joint_Con_Whole_MLCCA_resnet18_ur0.1_me200_lr_0.0001_decay_0.0_bsz_128_rsz_128_temp_0.07_head_mlp_trial_0_fold_1_cosine,auc,0.965014738054822,acc,0.9201616978271855,th,0.07
Joint_Con_Whole_MLCCA_resnet18_ur0.1_me200_lr_0.0001_decay_0.0_bsz_32_rsz_128_temp_0.07_head_mlp_trial_0_fold_1_cosine,auc,0.962571673111374,acc,0.9282465891864579,th,0.06
Joint_Con_Whole_MLCCA_resnet18_ur0.1_me200_lr_0.0001_decay_0.0_bsz_256_rsz_128_temp_0.07_head_mlp_trial_0_fold_2_cosine,auc,0.9638626572620923,acc,0.9191510864072764,th,0.36
Joint_Con_Whole_MLCCA_resnet18_ur0.1_me200_lr_0.0001_decay_0.0_bsz_128_rsz_128_temp_0.07_head_mlp_trial_0_fold_2_cosine,auc,0.9698125213206442,acc,0.9211723092470945,th,0.025
Joint_Con_Whole_MLCCA_resnet18_ur0.1_me200_lr_0.0001_decay_0.0_bsz_32_rsz_128_temp_0.07_head_mlp_trial_0_fold_2_cosine,auc,0.9664681165726005,acc,0.910055583628095,th,0.045
Joint_Con_Whole_MLCCA_resnet18_ur0.1_me200_lr_0.0001_decay_0.0_bsz_256_rsz_128_temp_0.07_head_mlp_trial_0_fold_3_cosine,auc,0.9608210822614283,acc,0.9206670035371399,th,0.515
Joint_Con_Whole_MLCCA_resnet18_ur0.1_me200_lr_0.0001_decay_0.0_bsz_128_rsz_128_temp_0.07_head_mlp_trial_0_fold_3_cosine,auc,0.9574531865043131,acc,0.9115715007579586,th,0.595
Joint_Con_Whole_MLCCA_resnet18_ur0.1_me200_lr_0.0001_decay_0.0_bsz_32_rsz_128_temp_0.07_head_mlp_trial_0_fold_3_cosine,auc,0.966359853661227,acc,0.9257200606366852,th,0.23
Joint_Con_Whole_MLCCA_resnet18_ur0.1_me200_lr_0.0001_decay_0.0_bsz_256_rsz_128_temp_0.07_head_mlp_trial_0_fold_4_cosine,auc,0.9666458311629684,acc,0.9156139464375948,th,0.47
Joint_Con_Whole_MLCCA_resnet18_ur0.1_me200_lr_0.0001_decay_0.0_bsz_128_rsz_128_temp_0.07_head_mlp_trial_0_fold_4_cosine,auc,0.9624021293067702,acc,0.9125821121778676,th,0.055
Joint_Con_Whole_MLCCA_resnet18_ur0.1_me200_lr_0.0001_decay_0.0_bsz_32_rsz_128_temp_0.07_head_mlp_trial_0_fold_4_cosine,auc,0.962319400100909,acc,0.9231935320869126,th,0.485
Joint_Con_Whole_MLCCA_resnet18_ur0.1_me200_lr_0.0001_decay_0.0_bsz_256_rsz_128_temp_0.07_head_mlp_trial_0_fold_5_cosine,auc,0.9626395927680375,acc,0.9196563921172309,th,0.46
Joint_Con_Whole_MLCCA_resnet18_ur0.1_me200_lr_0.0001_decay_0.0_bsz_128_rsz_128_temp_0.07_head_mlp_trial_0_fold_5_cosine,auc,0.9664134744428035,acc,0.922688226376958,th,0.22
Joint_Con_Whole_MLCCA_resnet18_ur0.1_me200_lr_0.0001_decay_0.0_bsz_64_rsz_128_temp_0.02_head_mlp_trial_0_fold_1_cosine,auc,0.9666897491364502,acc,0.922688226376958,th,0.17
Joint_Con_Whole_MLCCA_resnet18_ur0.1_me200_lr_0.0001_decay_0.0_bsz_32_rsz_128_temp_0.07_head_mlp_trial_0_fold_5_cosine,auc,0.9645888358468713,acc,0.921677614957049,th,0.455
Joint_Con_Whole_MLCCA_resnet18_ur0.1_me200_lr_0.0001_decay_0.0_bsz_64_rsz_128_temp_0.04_head_mlp_trial_0_fold_1_cosine,auc,0.9676865849996631,acc,0.9130874178878221,th,0.225
Joint_Con_Whole_MLCCA_resnet18_ur0.1_me200_lr_0.0001_decay_0.0_bsz_64_rsz_128_temp_0.1_head_mlp_trial_0_fold_1_cosine,auc,0.9674578029982699,acc,0.9262253663466398,th,0.165
Joint_Con_Whole_MLCCA_resnet18_ur0.1_me200_lr_0.0001_decay_0.0_bsz_64_rsz_128_temp_0.14_head_mlp_trial_0_fold_1_cosine,auc,0.9668250777756671,acc,0.9231935320869126,th,0.245
Joint_Con_Whole_MLCCA_resnet18_ur0.1_me200_lr_0.0001_decay_0.0_bsz_64_rsz_128_temp_0.02_head_mlp_trial_0_fold_2_cosine,auc,0.9690633624009036,acc,0.9196563921172309,th,0.035
CE_MLCCA_resnet18_ur0.3_me200_lr_0.0001_decay_0.0_bsz_64_rsz_128_temp_0.07_head_mlp_trial_0_fold_1_cosine,auc,0.9724225766981447,acc,0.9272359777665488,th,0.23
Joint_Con_Whole_MLCCA_resnet18_ur0.1_me200_lr_0.0001_decay_0.0_bsz_64_rsz_128_temp_0.04_head_mlp_trial_0_fold_2_cosine,auc,0.9675282760254846,acc,0.9267306720565942,th,0.055
CE_MLCCA_resnet18_ur0.5_me200_lr_0.0001_decay_0.0_bsz_64_rsz_128_temp_0.07_head_mlp_trial_0_fold_1_cosine,auc,0.9727647283520139,acc,0.9302678120262758,th,0.725
CE_MLCCA_resnet18_ur0.3_me200_lr_0.0001_decay_0.0_bsz_64_rsz_128_temp_0.07_head_mlp_trial_0_fold_2_cosine,auc,0.9703681347525988,acc,0.9297625063163214,th,0.31
Joint_Con_Whole_MLCCA_resnet18_ur0.1_me200_lr_0.0001_decay_0.0_bsz_64_rsz_128_temp_0.1_head_mlp_trial_0_fold_2_cosine,auc,0.9663006154644376,acc,0.9262253663466398,th,0.065
CE_MLCCA_resnet18_ur0.5_me200_lr_0.0001_decay_0.0_bsz_64_rsz_128_temp_0.07_head_mlp_trial_0_fold_2_cosine,auc,0.9738361226353235,acc,0.9348155634158666,th,0.395
CE_MLCCA_resnet18_ur0.3_me200_lr_0.0001_decay_0.0_bsz_64_rsz_128_temp_0.07_head_mlp_trial_0_fold_3_cosine,auc,0.9709109813317973,acc,0.9272359777665488,th,0.22
Joint_Con_Whole_MLCCA_resnet18_ur0.1_me200_lr_0.0001_decay_0.0_bsz_64_rsz_128_temp_0.14_head_mlp_trial_0_fold_2_cosine,auc,0.9694223663004112,acc,0.9221829206670036,th,0.52
CE_MLCCA_resnet18_ur0.5_me200_lr_0.0001_decay_0.0_bsz_64_rsz_128_temp_0.07_head_mlp_trial_0_fold_3_cosine,auc,0.9748804511907897,acc,0.9383527033855482,th,0.36
CE_MLCCA_resnet18_ur0.3_me200_lr_0.0001_decay_0.0_bsz_64_rsz_128_temp_0.07_head_mlp_trial_0_fold_4_cosine,auc,0.9724297261356882,acc,0.9282465891864579,th,0.91
Joint_Con_Whole_MLCCA_resnet18_ur0.1_me200_lr_0.0001_decay_0.0_bsz_64_rsz_128_temp_0.02_head_mlp_trial_0_fold_3_cosine,auc,0.96466696898574,acc,0.9176351692774128,th,0.29
CE_MLCCA_resnet18_ur0.5_me200_lr_0.0001_decay_0.0_bsz_64_rsz_128_temp_0.07_head_mlp_trial_0_fold_4_cosine,auc,0.9741578473247825,acc,0.9423951490651844,th,0.53
CE_MLCCA_resnet18_ur0.3_me200_lr_0.0001_decay_0.0_bsz_64_rsz_128_temp_0.07_head_mlp_trial_0_fold_5_cosine,auc,0.9738882113945693,acc,0.9262253663466398,th,0.1
Joint_Con_Whole_MLCCA_resnet18_ur0.1_me200_lr_0.0001_decay_0.0_bsz_64_rsz_128_temp_0.04_head_mlp_trial_0_fold_3_cosine,auc,0.9599136143675098,acc,0.9009600808489135,th,0.175
CE_MLCCA_resnet18_ur0.5_me200_lr_0.0001_decay_0.0_bsz_64_rsz_128_temp_0.07_head_mlp_trial_0_fold_5_cosine,auc,0.9761433482654442,acc,0.9282465891864579,th,0.155
Joint_Con_Whole_MLCCA_resnet18_ur0.1_me200_lr_0.0001_decay_0.0_bsz_64_rsz_128_temp_0.1_head_mlp_trial_0_fold_3_cosine,auc,0.9660891963827932,acc,0.9146033350176856,th,0.02
Joint_Con_Whole_MLCCA_resnet18_ur0.1_me200_lr_0.0001_decay_0.0_bsz_64_rsz_128_temp_0.14_head_mlp_trial_0_fold_3_cosine,auc,0.9646026240478481,acc,0.9156139464375948,th,0.12
Joint_Con_Whole_MLCCA_resnet18_ur0.1_me200_lr_0.0001_decay_0.0_bsz_64_rsz_128_temp_0.02_head_mlp_trial_0_fold_4_cosine,auc,0.9660044244804913,acc,0.9247094492167761,th,0.275
Joint_Con_Whole_MLCCA_resnet18_ur0.1_me200_lr_0.0001_decay_0.0_bsz_64_rsz_128_temp_0.04_head_mlp_trial_0_fold_4_cosine,auc,0.9668138429452413,acc,0.9186457806973218,th,0.225
Joint_Con_Whole_MLCCA_resnet18_ur0.1_me200_lr_0.0001_decay_0.0_bsz_64_rsz_128_temp_0.1_head_mlp_trial_0_fold_4_cosine,auc,0.9664533070234033,acc,0.9130874178878221,th,0.42
Joint_Con_Whole_MLCCA_resnet18_ur0.1_me200_lr_0.0001_decay_0.0_bsz_64_rsz_128_temp_0.14_head_mlp_trial_0_fold_4_cosine,auc,0.9635021213402539,acc,0.9201616978271855,th,0.03
Joint_Con_Whole_MLCCA_resnet18_ur0.1_me200_lr_0.0001_decay_0.0_bsz_64_rsz_128_temp_0.02_head_mlp_trial_0_fold_5_cosine,auc,0.9639157673695584,acc,0.9287518948964123,th,0.055
Joint_Con_Whole_MLCCA_resnet18_ur0.1_me200_lr_0.0001_decay_0.0_bsz_64_rsz_128_temp_0.04_head_mlp_trial_0_fold_5_cosine,auc,0.964527554953641,acc,0.922688226376958,th,0.3
Joint_Con_Whole_MLCCA_resnet18_ur0.1_me200_lr_0.0001_decay_0.0_bsz_64_rsz_128_temp_0.1_head_mlp_trial_0_fold_5_cosine,auc,0.9605810654296096,acc,0.9186457806973218,th,0.19
Joint_Con_Whole_MLCCA_resnet18_ur0.1_me200_lr_0.0001_decay_0.0_bsz_64_rsz_128_temp_0.14_head_mlp_trial_0_fold_5_cosine,auc,0.9570308590151343,acc,0.921677614957049,th,0.675
Joint_Con_Whole_MLCCA_resnet18_ur0.1_me200_lr_0.0001_decay_0.0_bsz_64_rsz_128_temp_0.06_head_mlp_trial_0_fold_1_cosine,auc,0.965983997516081,acc,0.9135927235977767,th,0.37
Joint_Con_Whole_MLCCA_resnet18_ur0.1_me200_lr_0.0001_decay_0.0_bsz_64_rsz_128_temp_0.08_head_mlp_trial_0_fold_1_cosine,auc,0.96515262006459,acc,0.9277412834765033,th,0.285
Joint_Con_Whole_MLCCA_resnet18_ur0.1_me200_lr_0.0001_decay_0.0_bsz_64_rsz_128_temp_0.12_head_mlp_trial_0_fold_1_cosine,auc,0.9666468525111888,acc,0.9267306720565942,th,0.135
Joint_Con_Whole_MLCCA_resnet18_ur0.1_me200_lr_0.0001_decay_0.0_bsz_64_rsz_128_temp_0.06_head_mlp_trial_0_fold_2_cosine,auc,0.9658267098901232,acc,0.921677614957049,th,0.105
Joint_Con_Whole_MLCCA_resnet18_ur0.1_me200_lr_0.0001_decay_0.0_bsz_64_rsz_128_temp_0.08_head_mlp_trial_0_fold_2_cosine,auc,0.97067402854464,acc,0.9282465891864579,th,0.22
Joint_Con_Whole_MLCCA_resnet18_ur0.1_me200_lr_0.0001_decay_0.0_bsz_64_rsz_128_temp_0.12_head_mlp_trial_0_fold_2_cosine,auc,0.9682927551685327,acc,0.9252147549267307,th,0.25
Joint_Con_Whole_MLCCA_resnet18_ur0.1_me200_lr_0.0001_decay_0.0_bsz_64_rsz_128_temp_0.06_head_mlp_trial_0_fold_3_cosine,auc,0.9635439966172946,acc,0.9176351692774128,th,0.135
Joint_Con_Whole_MLCCA_resnet18_ur0.1_me200_lr_0.0001_decay_0.0_bsz_64_rsz_128_temp_0.08_head_mlp_trial_0_fold_3_cosine,auc,0.9646695223562912,acc,0.9166245578575037,th,0.17
Joint_Con_Whole_MLCCA_resnet18_ur0.1_me200_lr_0.0001_decay_0.0_bsz_64_rsz_128_temp_0.12_head_mlp_trial_0_fold_3_cosine,auc,0.9628362023004847,acc,0.9115715007579586,th,0.11
Joint_Con_Whole_MLCCA_resnet18_ur0.1_me200_lr_0.0001_decay_0.0_bsz_64_rsz_128_temp_0.06_head_mlp_trial_0_fold_4_cosine,auc,0.9598977834700918,acc,0.9176351692774128,th,0.065
Joint_Con_Whole_MLCCA_resnet18_ur0.1_me200_lr_0.0001_decay_0.0_bsz_64_rsz_128_temp_0.08_head_mlp_trial_0_fold_4_cosine,auc,0.9636640050332039,acc,0.9161192521475493,th,0.05
Joint_Con_Whole_MLCCA_resnet18_ur0.1_me200_lr_0.0001_decay_0.0_bsz_64_rsz_128_temp_0.12_head_mlp_trial_0_fold_4_cosine,auc,0.9662618042320585,acc,0.9146033350176856,th,0.19
Joint_Con_Whole_MLCCA_resnet18_ur0.1_me200_lr_0.0001_decay_0.0_bsz_64_rsz_128_temp_0.06_head_mlp_trial_0_fold_5_cosine,auc,0.9648620464958564,acc,0.9257200606366852,th,0.225
Joint_Con_Whole_MLCCA_resnet18_ur0.1_me200_lr_0.0001_decay_0.0_bsz_64_rsz_128_temp_0.08_head_mlp_trial_0_fold_5_cosine,auc,0.9637783960339005,acc,0.9247094492167761,th,0.11
Joint_Con_Whole_MLCCA_resnet18_ur0.1_me200_lr_0.0001_decay_0.0_bsz_64_rsz_128_temp_0.12_head_mlp_trial_0_fold_5_cosine,auc,0.9599059542558558,acc,0.9282465891864579,th,0.37
Joint_Con_Whole_MLCCA_resnet18_ur0.1_me200_lr_0.0001_decay_0.0_bsz_64_rsz_128_temp_0.02_head_mlp_trial_feat256_fold_1_cosine,auc,0.9662720177142634,acc,0.9070237493683678,th,0.195
Joint_Con_Whole_MLCCA_resnet18_ur0.1_me200_lr_0.0001_decay_0.0_bsz_64_rsz_128_temp_0.02_head_mlp_trial_feat512_fold_1_cosine,auc,0.9684291051559701,acc,0.9196563921172309,th,0.225
Joint_Con_Whole_MLCCA_resnet18_ur0.1_me200_lr_0.0001_decay_0.0_bsz_64_rsz_128_temp_0.08_head_mlp_trial_feat256_fold_1_cosine,auc,0.9656678902418347,acc,0.9140980293077312,th,0.14
Joint_Con_Whole_MLCCA_resnet18_ur0.1_me200_lr_0.0001_decay_0.0_bsz_64_rsz_128_temp_0.08_head_mlp_trial_feat512_fold_1_cosine,auc,0.9604299058929748,acc,0.9242041435068217,th,0.11
Joint_Con_Whole_MLCCA_resnet18_ur0.1_me200_lr_0.0001_decay_0.0_bsz_64_rsz_128_temp_0.02_head_mlp_trial_feat256_fold_2_cosine,auc,0.9649902256975298,acc,0.9171298635674583,th,0.005
Joint_Con_Whole_MLCCA_resnet18_ur0.1_me200_lr_0.0001_decay_0.0_bsz_64_rsz_128_temp_0.02_head_mlp_trial_feat512_fold_2_cosine,auc,0.9677320349954754,acc,0.9272359777665488,th,0.2
Joint_Con_Whole_MLCCA_resnet18_ur0.1_me200_lr_0.0001_decay_0.0_bsz_64_rsz_128_temp_0.08_head_mlp_trial_feat256_fold_2_cosine,auc,0.9691277073387954,acc,0.9277412834765033,th,0.055
Joint_Con_Whole_MLCCA_resnet18_ur0.1_me200_lr_0.0001_decay_0.0_bsz_64_rsz_128_temp_0.08_head_mlp_trial_feat512_fold_2_cosine,auc,0.9684459574016084,acc,0.9236988377968671,th,0.41
Joint_Con_Whole_MLCCA_resnet18_ur0.1_me200_lr_0.0001_decay_0.0_bsz_64_rsz_128_temp_0.02_head_mlp_trial_feat256_fold_3_cosine,auc,0.9606683907024628,acc,0.9166245578575037,th,0.265
Joint_Con_Whole_MLCCA_resnet18_ur0.1_me200_lr_0.0001_decay_0.0_bsz_64_rsz_128_temp_0.02_head_mlp_trial_feat512_fold_3_cosine,auc,0.9658982042655588,acc,0.9171298635674583,th,0.36
Joint_Con_Whole_MLCCA_resnet18_ur0.1_me200_lr_0.0001_decay_0.0_bsz_64_rsz_128_temp_0.08_head_mlp_trial_feat256_fold_3_cosine,auc,0.9602593407401506,acc,0.9242041435068217,th,0.06
Joint_Con_Whole_MLCCA_resnet18_ur0.1_me200_lr_0.0001_decay_0.0_bsz_64_rsz_128_temp_0.08_head_mlp_trial_feat512_fold_3_cosine,auc,0.9628699067917613,acc,0.9191510864072764,th,0.08
Joint_Con_Whole_MLCCA_resnet18_ur0.1_me200_lr_0.0001_decay_0.0_bsz_64_rsz_128_temp_0.02_head_mlp_trial_feat256_fold_4_cosine,auc,0.9694841578677518,acc,0.9196563921172309,th,0.745
Joint_Con_Whole_MLCCA_resnet18_ur0.1_me200_lr_0.0001_decay_0.0_bsz_64_rsz_128_temp_0.08_head_mlp_trial_dp256_fold_1_cosine,auc,0.9658450941580924,acc,0.9130874178878221,th,0.195
Joint_Con_Whole_MLCCA_resnet18_ur0.1_me200_lr_0.0001_decay_0.0_bsz_64_rsz_128_temp_0.02_head_mlp_trial_feat512_fold_4_cosine,auc,0.9646256043828095,acc,0.9146033350176856,th,0.15
Joint_Con_Whole_MLCCA_resnet18_ur0.1_me200_lr_0.0001_decay_0.0_bsz_64_rsz_128_temp_0.08_head_mlp_trial_dp256_fold_2_cosine,auc,0.966867463726818,acc,0.9242041435068217,th,0.025
Joint_Con_Whole_MLCCA_resnet18_ur0.1_me200_lr_0.0001_decay_0.0_bsz_64_rsz_128_temp_0.08_head_mlp_trial_feat256_fold_4_cosine,auc,0.9675578951238792,acc,0.921677614957049,th,0.025
Joint_Con_Whole_MLCCA_resnet18_ur0.1_me200_lr_0.0001_decay_0.0_bsz_64_rsz_128_temp_0.08_head_mlp_trial_dp256_fold_3_cosine,auc,0.9674011181720318,acc,0.910055583628095,th,0.37
Joint_Con_Whole_MLCCA_resnet18_ur0.1_me200_lr_0.0001_decay_0.0_bsz_64_rsz_128_temp_0.08_head_mlp_trial_feat512_fold_4_cosine,auc,0.9669410007986943,acc,0.9211723092470945,th,0.315
Joint_Con_Whole_MLCCA_resnet18_ur0.1_me200_lr_0.0001_decay_0.0_bsz_64_rsz_128_temp_0.08_head_mlp_trial_dp256_fold_4_cosine,auc,0.9663261491699503,acc,0.9211723092470945,th,0.075
Joint_Con_Whole_MLCCA_resnet18_ur0.1_me200_lr_0.0001_decay_0.0_bsz_64_rsz_128_temp_0.02_head_mlp_trial_feat256_fold_5_cosine,auc,0.9641971488043076,acc,0.9211723092470945,th,0.245
Joint_Con_Whole_MLCCA_resnet18_ur0.1_me200_lr_0.0001_decay_0.0_bsz_64_rsz_128_temp_0.08_head_mlp_trial_dp256_fold_5_cosine,auc,0.9628801202739666,acc,0.9191510864072764,th,0.315
Joint_Con_Whole_MLCCA_resnet18_ur0.1_me200_lr_0.0001_decay_0.0_bsz_64_rsz_128_temp_0.02_head_mlp_trial_feat512_fold_5_cosine,auc,0.9674195024400009,acc,0.9120768064679131,th,0.075
Joint_Con_Whole_MLCCA_resnet18_ur0.1_me200_lr_0.0001_decay_0.0_bsz_64_rsz_128_temp_0.08_head_mlp_trial_feat256_fold_5_cosine,auc,0.9605279553221435,acc,0.9156139464375948,th,0.065
Joint_Con_Whole_MLCCA_resnet18_ur0.1_me200_lr_0.0001_decay_0.0_bsz_64_rsz_128_temp_0.08_head_mlp_trial_feat512_fold_5_cosine,auc,0.9630905180073905,acc,0.9151086407276402,th,0.07
Joint_Con_Whole_MLCCA_resnet18_ur0.1_me200_lr_0.0001_decay_0.0_aug_sim_bsz_64_rsz_128_temp_0.01_head_mlp_trial_0_fold_1_cosine,auc,0.9639979859013091,acc,0.9140980293077312,th,0.27
Joint_Con_Whole_MLCCA_resnet18_ur0.1_me200_lr_0.0001_decay_0.0_aug_sim_bsz_64_rsz_128_temp_0.01_head_mlp_trial_0_fold_2_cosine,auc,0.9690265938649656,acc,0.9221829206670036,th,0.495
Joint_Con_Whole_MLCCA_resnet18_ur0.1_me200_lr_0.0001_decay_0.0_aug_sim_bsz_64_rsz_128_temp_0.01_head_mlp_trial_0_fold_3_cosine,auc,0.9681073804665109,acc,0.9191510864072764,th,0.39
Joint_Con_Whole_MLCCA_resnet18_ur0.1_me200_lr_0.0001_decay_0.0_aug_sim_bsz_64_rsz_128_temp_0.01_head_mlp_trial_0_fold_4_cosine,auc,0.9660125952662552,acc,0.922688226376958,th,0.515
Joint_Con_Whole_MLCCA_resnet18_ur0.1_me200_lr_0.0001_decay_0.0_aug_sim_bsz_64_rsz_128_temp_0.01_head_mlp_trial_0_fold_5_cosine,auc,0.9612939664875222,acc,0.9236988377968671,th,0.675
Joint_CE_Vistakon_resnet18_ur0.1_me30_lr_0.0001_decay_0.0_aug_sim_bsz_8_rsz_512_temp_0.08_sampling_warmup_whole_data_cosine_trial_0_fake,auc,0.9979652902453621,acc,0.9778393351800554,f1,0.9493670886075949
CE_D_Sub_resnet18_ur1.0_me100_lr_0.0001_decay_0.0_aug_sim_bsz_16_rsz_32_temp_0.08_sampling_unbalanced_whole_data_cosine_trial_0,auc,0.563010752688172,acc,0.5628140703517588,f1,0.5347593582887701
CE_D_Sub_resnet18_ur1.0_me500_lr_0.0001_decay_0.0_aug_sim_bsz_16_rsz_32_temp_0.08_sampling_unbalanced_whole_data_cosine_trial_0,auc,0.40881720430107527,acc,0.37185929648241206,f1,0.5353159851301115
CE_D_Sub_resnet18_ur1.0_me100_lr_0.0001_decay_0.0_aug_nothing_bsz_16_rsz_32_temp_0.08_sampling_unbalanced_whole_data_cosine_trial_0,auc,0.9010752688172042,acc,0.8190954773869347,f1,0.7096774193548387
CE_D_Sub_resnet18_ur1.0_me100_lr_0.0001_decay_0.0_aug_nothing_bsz_16_rsz_32_temp_0.08_sampling_unbalanced_whole_data_cosine_trial_0,auc,0.883763440860215,acc,0.8391959798994975,f1,0.7575757575757576
CE_D_Sub_resnet18_ur1.0_me100_lr_0.0001_decay_0.0_aug_nothing_bsz_16_rsz_32_temp_0.08_sampling_unbalanced_whole_data_cosine_trial_0,auc,0.8935483870967742,acc,0.8090452261306532,f1,0.7164179104477612
CE_D_Sub_resnet18_ur1.0_me100_lr_0.0001_decay_0.0_aug_nothing_bsz_16_rsz_32_temp_0.08_sampling_unbalanced_whole_data_cosine_trial_0,auc,0.8962365591397848,acc,0.8040201005025126,f1,0.7022900763358778
CE_D_Sub_resnet18_ur1.0_me100_lr_0.0001_decay_0.0_aug_flip_bsz_16_rsz_32_temp_0.08_sampling_unbalanced_whole_data_cosine_trial_0,auc,0.9088172043010752,acc,0.8241206030150754,f1,0.7154471544715447
CE_D_Sub_resnet18_ur1.0_me200_lr_0.0001_decay_0.0_aug_flip_bsz_16_rsz_32_temp_0.08_sampling_unbalanced_whole_data_cosine_trial_0,auc,0.9279569892473118,acc,0.8542713567839196,f1,0.7883211678832117
CE_D_Sub_resnet18_ur1.0_me300_lr_0.0001_decay_0.0_aug_flip_bsz_32_rsz_32_temp_0.08_sampling_unbalanced_whole_data_cosine_trial_0,auc,0.9138709677419355,acc,0.8743718592964824,f1,0.8148148148148148
CE_D_Sub_resnet18_ur1.0_me300_lr_0.0001_decay_0.0_aug_flip_bsz_32_rsz_256_temp_0.08_sampling_unbalanced_whole_data_cosine_trial_0,auc,0.9633333333333334,acc,0.8793969849246231,f1,0.823529411764706
CE_D_Sub_resnet18_ur1.0_me200_lr_0.0001_decay_0.0001_aug_flip_bsz_32_rsz_32_temp_0.08_sampling_unbalanced_whole_data_cosine_trial_0,auc,0.9064516129032258,acc,0.8592964824120602,f1,0.7878787878787878
CE_D_Sub_resnet18_ur1.0_me200_lr_0.0001_decay_0.0_aug_nothing_bsz_32_rsz_32_temp_0.08_sampling_unbalanced_whole_data_cosine_trial_0,auc,0.8936559139784948,acc,0.8140703517587939,f1,0.7218045112781956
CE_D_Sub_resnet18_ur1.0_me50_lr_0.0001_decay_0.0_aug_flip_bsz_32_rsz_32_temp_0.08_sampling_unbalanced_whole_data_cosine_trial_0,auc,0.8709677419354839,acc,0.8291457286432161,f1,0.7462686567164178
CE_D_Sub_resnet18_ur1.0_me200_lr_0.001_decay_0.0_aug_flip_bsz_32_rsz_32_temp_0.08_sampling_unbalanced_whole_data_cosine_trial_0,auc,0.9667741935483871,acc,0.8994974874371859,f1,0.8571428571428571
CE_Vistakon_resnet18_ur0.1_me30_lr_0.0001_decay_0.0_aug_nothing_bsz_8_rsz_512_temp_0.08_sampling_unbalanced_whole_data_cosine_trial_0,auc,0.984734236439802,acc,0.9556786703601108,f1,0.896103896103896
CE_D_Sub_resnet50_ur1.0_me200_lr_0.001_decay_0.0_aug_flip_bsz_32_rsz_32_temp_0.08_sampling_unbalanced_whole_data_cosine_trial_0,auc,0.965483870967742,acc,0.9246231155778895,f1,0.896551724137931
CE_D_Sub_resnet50_ur1.0_me200_lr_0.0001_decay_0.0_aug_flip_bsz_32_rsz_32_temp_0.08_sampling_unbalanced_whole_data_cosine_trial_0,auc,0.9232258064516129,acc,0.8542713567839196,f1,0.7943262411347518
CE_D_Sub_resnet50_ur1.0_me200_lr_0.001_decay_1e-05_aug_flip_bsz_32_rsz_32_temp_0.08_sampling_unbalanced_whole_data_cosine_trial_0,auc,0.9406451612903226,acc,0.9095477386934674,f1,0.8783783783783784
CE_D_Sub_resnet50_ur1.0_me100_lr_0.001_decay_1e-05_aug_flip_bsz_32_rsz_32_temp_0.08_sampling_unbalanced_whole_data_cosine_trial_0,auc,0.9543466666666667,acc,0.905,f1,0.87248322147651
CE_D_Sub_resnet50_ur1.0_me100_lr_0.001_decay_1e-05_aug_flip_bsz_32_rsz_32_temp_0.08_sampling_unbalanced_whole_data_cosine_trial_0,auc,0.9591466666666668,acc,0.915,f1,0.8827586206896552
CE_D_Sub_resnet50_ur0.5_me100_lr_0.001_decay_1e-05_aug_flip_bsz_32_rsz_32_temp_0.08_sampling_unbalanced_whole_data_cosine_trial_0,auc,0.9309866666666666,acc,0.875,f1,0.8226950354609929
CE_D_Sub_resnet50_ur0.5_me100_lr_0.001_decay_1e-05_aug_flip_bsz_8_rsz_32_temp_0.08_sampling_unbalanced_whole_data_cosine_trial_0,auc,0.9392,acc,0.79,f1,0.7666666666666667
CE_D_Sub_resnet50_ur0.5_me200_lr_0.001_decay_0.0_aug_flip_bsz_8_rsz_32_temp_0.08_sampling_unbalanced_whole_data_cosine_trial_0,auc,0.9169066666666666,acc,0.8,f1,0.7701149425287357
CE_D_Sub_resnet50_ur1.0_me200_lr_0.001_decay_0.0_aug_flip_bsz_8_rsz_32_temp_0.08_sampling_unbalanced_whole_data_cosine_trial_0,auc,0.94336,acc,0.84,f1,0.8095238095238095
CE_D_Sub_resnet50_ur1.0_me200_lr_1e-05_decay_1e-05_aug_flip_bsz_8_rsz_32_temp_0.08_sampling_unbalanced_whole_data_cosine_trial_0,auc,0.8810666666666668,acc,0.84,f1,0.7647058823529411
CE_D_Sub_resnet50_ur1.0_me200_lr_1e-05_decay_1e-05_aug_flip_bsz_8_rsz_288_temp_0.08_sampling_unbalanced_whole_data_cosine_trial_0,auc,0.9642666666666667,acc,0.915,f1,0.8874172185430463
CE_D_Sub_resnet50_ur1.0_me200_lr_1e-05_decay_1e-05_aug_pin_bsz_8_rsz_288_temp_0.08_sampling_unbalanced_whole_data_cosine_trial_0,auc,0.9789866666666667,acc,0.905,f1,0.8652482269503545
CE_D_Sub_resnet50_ur1.0_me300_lr_1e-05_decay_1e-05_aug_pin_bsz_8_rsz_288_temp_0.08_sampling_unbalanced_whole_data_cosine_trial_0,auc,0.9869866666666667,acc,0.9,f1,0.8484848484848485
CE_D_Sub_resnet50_ur1.0_me50_lr_0.0001_decay_0.0_aug_pin_bsz_32_rsz_288_temp_0.08_sampling_unbalanced_whole_data_cosine_trial_0,auc,0.9883733333333333,acc,0.945,f1,0.9261744966442953
CE_D_Sub_resnet50_ur1.0_me50_lr_0.0001_decay_1e-05_aug_pin_bsz_32_rsz_288_temp_0.08_sampling_unbalanced_whole_data_cosine_trial_0,auc,0.9822933333333332,acc,0.895,f1,0.8551724137931035
CE_D_Sub_resnet50_ur1.0_me50_lr_0.0001_decay_0.0_aug_pin_bsz_32_rsz_288_temp_0.08_sampling_unbalanced_whole_data_cosine_trial_0,auc,0.9874133333333334,acc,0.925,f1,0.896551724137931
CE_D_Sub_resnet50_ur1.0_me100_lr_0.0001_decay_0.0_aug_pin_bsz_32_rsz_288_temp_0.08_sampling_unbalanced_whole_data_cosine_trial_0,auc,0.9904000000000001,acc,0.94,f1,0.9166666666666666
CE_D_Sub_resnet50_ur1.0_me100_lr_0.0001_decay_0.0_aug_pin_bsz_32_rsz_288_temp_0.08_sampling_unbalanced_whole_data_cosine_trial_0,auc,0.992,acc,0.955,f1,0.9379310344827586
CE_D_Sub_resnet50_ur1.0_me100_lr_0.0001_decay_0.0_aug_pin_bsz_32_rsz_288_temp_0.08_sampling_unbalanced_whole_data_cosine_trial_0,auc,0.9941333333333333,acc,0.93,f1,0.9
CE_D_Sub_resnet50_ur1.0_me100_lr_0.0001_decay_0.0_aug_pin_bsz_32_rsz_288_temp_0.08_sampling_unbalanced_whole_data_cosine_trial_0,auc,0.9850666666666666,acc,0.895,f1,0.8421052631578948
CE_D_Sub_resnet50_ur1.0_me100_lr_0.0001_decay_0.0_aug_pin_bsz_32_rsz_288_temp_0.08_sampling_unbalanced_whole_data_cosine_trial_0,auc,0.9950933333333333,acc,0.935,f1,0.9051094890510949
CE_D_Sub_resnet50_ur1.0_me100_lr_0.0001_decay_0.0_aug_pin_bsz_32_rsz_288_temp_0.08_sampling_unbalanced_whole_data_cosine_trial_0,auc,0.9863466666666667,acc,0.93,f1,0.9014084507042254
CE_D_Sub_resnet50_ur1.0_me100_lr_0.0001_decay_0.0_aug_pin_bsz_32_rsz_288_temp_0.08_sampling_unbalanced_whole_data_cosine_trial_0,auc,0.9988266666666666,acc,0.955,f1,0.9361702127659575
CE_D_Sub_resnet50_ur1.0_me100_lr_0.0001_decay_0.0_aug_pin_bsz_32_rsz_288_temp_0.08_sampling_unbalanced_whole_data_cosine_trial_0,auc,0.99904,acc,0.955,f1,0.9370629370629371
CE_D_Sub_resnet50_ur0.1_me100_lr_0.0001_decay_0.0_aug_pin_bsz_32_rsz_288_temp_0.08_sampling_unbalanced_whole_data_cosine_trial_0,auc,0.63072,acc,0.63,f1,0.4931506849315068
CE_D_Sub_resnet50_ur0.3_me100_lr_0.0001_decay_0.0_aug_pin_bsz_32_rsz_288_temp_0.08_sampling_unbalanced_whole_data_cosine_trial_0,auc,0.8949333333333334,acc,0.825,f1,0.7407407407407408
CE_D_Sub_resnet50_ur0.5_me100_lr_0.0001_decay_0.0_aug_pin_bsz_32_rsz_288_temp_0.08_sampling_unbalanced_whole_data_cosine_trial_0,auc,0.9681066666666667,acc,0.92,f1,0.888888888888889
CE_D_Sub_resnet50_ur1.0_me100_lr_0.0001_decay_0.0_aug_pin_bsz_32_rsz_288_temp_0.08_sampling_unbalanced_whole_data_cosine_trial_0,auc,0.99232,acc,0.9,f1,0.8507462686567164
CE_D_Sub_resnet50_ur1.0_me100_lr_0.0002_decay_0.0_aug_pin_bsz_32_rsz_288_temp_0.08_sampling_unbalanced_whole_data_cosine_trial_0,auc,0.9901866666666667,acc,0.955,f1,0.9387755102040817
CE_D_Sub_resnet50_ur1.0_me100_lr_0.0002_decay_1e-05_aug_pin_bsz_32_rsz_288_temp_0.08_sampling_unbalanced_whole_data_cosine_trial_0,auc,0.9966933333333333,acc,0.975,f1,0.9664429530201343
CE_D_Sub_resnet50_ur1.0_me100_lr_0.0002_decay_1e-05_aug_pin_bsz_32_rsz_288_temp_0.08_sampling_unbalanced_whole_data_cosine_trial_0,auc,0.9937066666666667,acc,0.96,f1,0.9452054794520549
CE_D_Sub_resnet50_ur1.0_me100_lr_0.0001_decay_1e-05_aug_pin_bsz_32_rsz_288_temp_0.08_sampling_unbalanced_whole_data_cosine_trial_0,auc,0.9980800000000001,acc,0.96,f1,0.9436619718309859
CE_D_Sub_resnet50_ur1.0_me100_lr_0.0002_decay_1e-05_aug_pin_bsz_32_rsz_288_temp_0.08_sampling_unbalanced_whole_data_cosine_trial_0,auc,0.9923200000000001,acc,0.935,f1,0.9103448275862068
CE_D_Sub_resnet50_ur1.0_me100_lr_0.0001_decay_1e-05_aug_pin_bsz_32_rsz_288_temp_0.08_sampling_unbalanced_whole_data_cosine_trial_0,auc,0.9918933333333333,acc,0.96,f1,0.9436619718309859
CE_D_Sub_resnet50_ur1.0_me100_lr_0.0001_decay_1e-05_aug_pin_bsz_32_rsz_288_temp_0.08_sampling_unbalanced_whole_data_cosine_trial_0,auc,0.9892266666666667,acc,0.95,f1,0.9285714285714286
CE_D_Sub_resnet50_ur1.0_me100_lr_0.0001_decay_1e-05_aug_pin_bsz_32_rsz_288_temp_0.08_sampling_unbalanced_whole_data_cosine_trial_0,auc,0.9972266666666666,acc,0.97,f1,0.9589041095890412
CE_D_Sub_resnet50_ur1.0_me100_lr_0.0001_decay_1e-05_aug_pin-sim_bsz_32_rsz_288_temp_0.08_sampling_unbalanced_whole_data_cosine_trial_0,auc,0.9577600000000001,acc,0.875,f1,0.8091603053435114
Joint_CE_D_Sub_resnet50_ur1.0_me100_lr_0.0001_decay_1e-05_aug_pin_bsz_32_rsz_288_temp_0.08_sampling_balanced_whole_data_cosine_trial_0,auc,0.9965866666666666,acc,0.955,f1,0.9370629370629371
CE_D_Sub_resnet50_ur1.0_me100_lr_0.0001_decay_1e-05_aug_pin-sim_bsz_32_rsz_288_temp_0.08_sampling_unbalanced_whole_data_cosine_trial_0,auc,0.9179733333333333,acc,0.86,f1,0.7812499999999999
CE_D_Sub_resnet50_ur0.1_me100_lr_0.0001_decay_1e-05_aug_pin_bsz_32_rsz_288_temp_0.08_sampling_unbalanced_whole_data_cosine_trial_0,auc,0.6642133333333333,acc,0.55,f1,0.5212765957446809
CE_D_Sub_resnet50_ur0.3_me100_lr_0.0001_decay_1e-05_aug_pin_bsz_32_rsz_288_temp_0.08_sampling_unbalanced_whole_data_cosine_trial_0,auc,0.9001600000000001,acc,0.82,f1,0.7313432835820896
CE_D_Sub_resnet50_ur0.5_me100_lr_0.0001_decay_1e-05_aug_pin_bsz_32_rsz_288_temp_0.08_sampling_unbalanced_whole_data_cosine_trial_0,auc,0.9780266666666666,acc,0.9,f1,0.8550724637681159
CE_D_Sub_resnet50_ur1.0_me100_lr_0.0001_decay_1e-05_aug_pin_bsz_32_rsz_288_temp_0.08_sampling_unbalanced_whole_data_cosine_trial_0,auc,0.9906133333333333,acc,0.935,f1,0.9078014184397163
Joint_CE_D_Sub_resnet50_ur0.1_me100_lr_0.0001_decay_1e-05_aug_pin_bsz_32_rsz_288_temp_0.08_sampling_balanced_whole_data_cosine_trial_0,auc,0.9221333333333332,acc,0.87,f1,0.8311688311688312
Joint_CE_D_Sub_resnet50_ur0.3_me100_lr_0.0001_decay_1e-05_aug_pin_bsz_32_rsz_288_temp_0.08_sampling_balanced_whole_data_cosine_trial_0,auc,0.9877866666666667,acc,0.945,f1,0.9251700680272109
Joint_CE_D_Sub_resnet50_ur0.5_me100_lr_0.0001_decay_1e-05_aug_pin_bsz_32_rsz_288_temp_0.08_sampling_balanced_whole_data_cosine_trial_0,auc,0.99808,acc,0.98,f1,0.9729729729729729
Joint_Con_D_Sub_resnet50_ur0.1_me100_lr_0.0001_decay_1e-05_aug_pin_bsz_16_rsz_288_temp_0.08_SupCon_sampling_balanced_whole_data_cosine_trial_0,auc,0.9488,acc,0.905,f1,0.8774193548387097
Joint_CE_D_Sub_resnet50_ur1.0_me100_lr_0.0001_decay_1e-05_aug_pin_bsz_32_rsz_288_temp_0.08_sampling_balanced_whole_data_cosine_trial_0,auc,0.9988266666666665,acc,0.98,f1,0.9729729729729729
Joint_Con_D_Sub_resnet50_ur0.3_me100_lr_0.0001_decay_1e-05_aug_pin_bsz_16_rsz_288_temp_0.08_SupCon_sampling_balanced_whole_data_cosine_trial_0,auc,0.98976,acc,0.935,f1,0.9103448275862068
Joint_Con_D_Sub_resnet50_ur0.5_me100_lr_0.0001_decay_1e-05_aug_pin_bsz_16_rsz_288_temp_0.08_SupCon_sampling_balanced_whole_data_cosine_trial_0,auc,0.99904,acc,0.97,f1,0.9583333333333334
Joint_Con_D_Sub_resnet50_ur1.0_me100_lr_0.0001_decay_1e-05_aug_pin_bsz_16_rsz_288_temp_0.08_SupCon_sampling_balanced_whole_data_cosine_trial_0,auc,0.9969066666666666,acc,0.98,f1,0.9729729729729729
